<ImportExportXml version="9.2.24062.168" SolutionPackageVersion="9.2" languagecode="1033" generatedBy="CrmLive" xmlns:xsi="http://www.w3.org/2001/XMLSchema-instance">
  <SolutionManifest>
    <UniqueName>CRMSystem</UniqueName>
    <LocalizedNames>
      <LocalizedName description="CRM System" languagecode="1033" />
    </LocalizedNames>
    <Descriptions />
    <Version>1.0.0.7</Version>
    <Managed>0</Managed>
    <Publisher>
      <UniqueName>CallumTest</UniqueName>
      <LocalizedNames>
        <LocalizedName description="CallumTest" languagecode="1033" />
      </LocalizedNames>
      <Descriptions />
      <EMailAddress xsi:nil="true"></EMailAddress>
      <SupportingWebsiteUrl xsi:nil="true"></SupportingWebsiteUrl>
      <CustomizationPrefix>caltest</CustomizationPrefix>
      <CustomizationOptionValuePrefix>28304</CustomizationOptionValuePrefix>
      <Addresses>
        <Address>
          <AddressNumber>1</AddressNumber>
          <AddressTypeCode>1</AddressTypeCode>
          <City xsi:nil="true"></City>
          <County xsi:nil="true"></County>
          <Country xsi:nil="true"></Country>
          <Fax xsi:nil="true"></Fax>
          <FreightTermsCode xsi:nil="true"></FreightTermsCode>
          <ImportSequenceNumber xsi:nil="true"></ImportSequenceNumber>
          <Latitude xsi:nil="true"></Latitude>
          <Line1 xsi:nil="true"></Line1>
          <Line2 xsi:nil="true"></Line2>
          <Line3 xsi:nil="true"></Line3>
          <Longitude xsi:nil="true"></Longitude>
          <Name xsi:nil="true"></Name>
          <PostalCode xsi:nil="true"></PostalCode>
          <PostOfficeBox xsi:nil="true"></PostOfficeBox>
          <PrimaryContactName xsi:nil="true"></PrimaryContactName>
          <ShippingMethodCode>1</ShippingMethodCode>
          <StateOrProvince xsi:nil="true"></StateOrProvince>
          <Telephone1 xsi:nil="true"></Telephone1>
          <Telephone2 xsi:nil="true"></Telephone2>
          <Telephone3 xsi:nil="true"></Telephone3>
          <TimeZoneRuleVersionNumber xsi:nil="true"></TimeZoneRuleVersionNumber>
          <UPSZone xsi:nil="true"></UPSZone>
          <UTCOffset xsi:nil="true"></UTCOffset>
          <UTCConversionTimeZoneCode xsi:nil="true"></UTCConversionTimeZoneCode>
        </Address>
        <Address>
          <AddressNumber>2</AddressNumber>
          <AddressTypeCode>1</AddressTypeCode>
          <City xsi:nil="true"></City>
          <County xsi:nil="true"></County>
          <Country xsi:nil="true"></Country>
          <Fax xsi:nil="true"></Fax>
          <FreightTermsCode xsi:nil="true"></FreightTermsCode>
          <ImportSequenceNumber xsi:nil="true"></ImportSequenceNumber>
          <Latitude xsi:nil="true"></Latitude>
          <Line1 xsi:nil="true"></Line1>
          <Line2 xsi:nil="true"></Line2>
          <Line3 xsi:nil="true"></Line3>
          <Longitude xsi:nil="true"></Longitude>
          <Name xsi:nil="true"></Name>
          <PostalCode xsi:nil="true"></PostalCode>
          <PostOfficeBox xsi:nil="true"></PostOfficeBox>
          <PrimaryContactName xsi:nil="true"></PrimaryContactName>
          <ShippingMethodCode>1</ShippingMethodCode>
          <StateOrProvince xsi:nil="true"></StateOrProvince>
          <Telephone1 xsi:nil="true"></Telephone1>
          <Telephone2 xsi:nil="true"></Telephone2>
          <Telephone3 xsi:nil="true"></Telephone3>
          <TimeZoneRuleVersionNumber xsi:nil="true"></TimeZoneRuleVersionNumber>
          <UPSZone xsi:nil="true"></UPSZone>
          <UTCOffset xsi:nil="true"></UTCOffset>
          <UTCConversionTimeZoneCode xsi:nil="true"></UTCConversionTimeZoneCode>
        </Address>
      </Addresses>
    </Publisher>
    <RootComponents>
      <RootComponent type="1" schemaName="account" behavior="0" />
      <RootComponent type="1" schemaName="activitypointer" behavior="0" />
      <RootComponent type="1" schemaName="contact" behavior="0" />
      <RootComponent type="1" schemaName="npt_caseprocess" behavior="0" />
      <RootComponent type="1" schemaName="npt_cases" behavior="0" />
      <RootComponent type="1" schemaName="npt_incident" behavior="0" />
      <RootComponent type="1" schemaName="npt_incidentprocess" behavior="0" />
      <RootComponent type="1" schemaName="systemuser" behavior="1" />
      <RootComponent type="1" schemaName="task" behavior="0" />
      <RootComponent type="9" schemaName="npt_buildingchoices" behavior="0" />
      <RootComponent type="9" schemaName="npt_casechoice" behavior="0" />
      <RootComponent type="9" schemaName="npt_casestatus" behavior="0" />
      <RootComponent type="9" schemaName="npt_financechoice" behavior="0" />
      <RootComponent type="9" schemaName="npt_impact" behavior="0" />
      <RootComponent type="9" schemaName="npt_servicechoice" behavior="0" />
      <RootComponent type="9" schemaName="npt_sourcechoices" behavior="0" />
      <RootComponent type="9" schemaName="npt_subjectenviroment" behavior="0" />
      <RootComponent type="9" schemaName="npt_teamchoices" behavior="0" />
      <RootComponent type="9" schemaName="npt_urgencychoices" behavior="0" />
      <RootComponent type="29" id="{ba23f7aa-f72e-ef11-840a-000d3a6883c0}" behavior="0" />
      <RootComponent type="29" id="{c8105aff-5317-ee11-8f6d-002248993581}" behavior="0" />
      <RootComponent type="62" schemaName="npt_CRM" behavior="0" />
      <RootComponent type="80" schemaName="npt_CRM" behavior="0" />
    </RootComponents>
    <MissingDependencies>
      <MissingDependency>
        <Required type="1" schemaName="adx_externalidentity" displayName="External Identity" solution="PowerPages_RuntimeCore (1.0.2402.1)">
          <package>PowerPages_Core (1.0.2405.96)</package>
        </Required>
        <Dependent type="1" schemaName="contact" displayName="Contact" />
      </MissingDependency>
      <MissingDependency>
        <Required type="1" schemaName="adx_invitation" displayName="Invitation" solution="PowerPages_RuntimeCore (1.0.2402.1)">
          <package>PowerPages_Core (1.0.2405.96)</package>
        </Required>
        <Dependent type="1" schemaName="account" displayName="Account" />
      </MissingDependency>
      <MissingDependency>
        <Required type="1" schemaName="adx_invitation" displayName="Invitation" solution="PowerPages_RuntimeCore (1.0.2402.1)">
          <package>PowerPages_Core (1.0.2405.96)</package>
        </Required>
        <Dependent type="1" schemaName="contact" displayName="Contact" />
      </MissingDependency>
      <MissingDependency>
        <Required type="1" schemaName="adx_webformsession" displayName="Multistep Form Session" solution="PowerPages_RuntimeCore (1.0.2402.1)">
          <package>PowerPages_Core (1.0.2405.96)</package>
        </Required>
        <Dependent type="1" schemaName="contact" displayName="Contact" />
      </MissingDependency>
      <MissingDependency>
        <Required type="1" schemaName="npt_applicationstackreview" displayName="Application Stack Review" solution="Active" />
        <Dependent type="1" schemaName="contact" displayName="Contact" />
      </MissingDependency>
      <MissingDependency>
        <Required type="1" schemaName="npt_contractor" displayName="Contract" solution="Active" />
        <Dependent type="1" schemaName="account" displayName="Account" />
      </MissingDependency>
      <MissingDependency>
        <Required type="1" schemaName="npt_contractor" displayName="Contract" solution="Active" />
        <Dependent type="60" displayName="Account" parentDisplayName="Account" id="{8448b78f-8f42-454e-8e2a-f8196b0419af}" />
      </MissingDependency>
      <MissingDependency>
        <Required type="1" schemaName="npt_contractstitle" displayName="Contracts Title" solution="Active" />
        <Dependent type="1" schemaName="contact" displayName="Contact" />
      </MissingDependency>
      <MissingDependency>
        <Required type="1" schemaName="npt_contracttable" displayName="Contract Table" solution="Active" />
        <Dependent type="1" schemaName="account" displayName="Account" />
      </MissingDependency>
      <MissingDependency>
        <Required type="1" schemaName="npt_task" displayName="Task" solution="Active" />
        <Dependent type="80" schemaName="npt_CRM" displayName="CRM" />
      </MissingDependency>
      <MissingDependency>
        <Required type="10" schemaName="npt_contractor_Contractor_account" displayName="npt_contractor_Contractor_account" parentSchemaName="account" parentDisplayName="Account" solution="Active" />
        <Dependent type="60" displayName="Account" parentDisplayName="Account" id="{8448b78f-8f42-454e-8e2a-f8196b0419af}" />
      </MissingDependency>
      <MissingDependency>
        <Required type="26" schemaName="Active Contract" displayName="Active Contract" parentSchemaName="npt_contractor" parentDisplayName="Contract" solution="Active" id="{cbd12858-bc9d-4b7d-a31d-b6f36f47f859}" />
        <Dependent type="60" displayName="Account" parentDisplayName="Account" id="{8448b78f-8f42-454e-8e2a-f8196b0419af}" />
      </MissingDependency>
      <MissingDependency>
        <Required type="59" schemaName="Tasks by Month Due" displayName="Tasks by Month Due" parentSchemaName="task" parentDisplayName="Task" solution="msdynce_AppCommon (9.0.4.0066)" id="{9e6a8b06-6d14-46e6-bbf5-95c388c6eb7a}">
          <package>msdynce_AppCommonAnchor (9.0.24062.10001)</package>
        </Required>
        <Dependent type="60" displayName="Information" parentDisplayName="Incident" id="{b6f3772f-aba0-4dca-9483-9592b506395b}" />
      </MissingDependency>
      <MissingDependency>
        <Required type="60" displayName="Task" parentDisplayName="Task" solution="msdynce_Activities (9.0.1.2033)" id="{16654191-19ad-48ca-9e46-c4b4fbdad76f}" />
        <Dependent type="60" displayName="Task" parentDisplayName="Task" id="{16654191-19ad-48ca-9e46-c4b4fbdad76f}" />
      </MissingDependency>
      <MissingDependency>
        <Required type="60" displayName="Account" parentDisplayName="Account" solution="msdynce_AppCommon (9.0.4.0066)" id="{8448b78f-8f42-454e-8e2a-f8196b0419af}">
          <package>msdynce_AppCommonAnchor (9.0.24062.10001)</package>
        </Required>
        <Dependent type="60" displayName="Account" parentDisplayName="Account" id="{8448b78f-8f42-454e-8e2a-f8196b0419af}" />
      </MissingDependency>
      <MissingDependency>
        <Required type="61" schemaName="msdyn_/Images/AppModule_Default_Icon.png" displayName="msdyn_/Images/AppModule_Default_Icon.png" solution="AppModuleWebResources (2.5)" />
        <Dependent type="80" schemaName="npt_CRM" displayName="CRM" />
      </MissingDependency>
      <MissingDependency>
        <Required type="66" schemaName="MscrmControls.ActivityCalendarControl.ActivityCalendarControl" displayName="MscrmControls.ActivityCalendarControl.ActivityCalendarControl" solution="msdyn_UCICalendar (1.0.0.3739)" />
        <Dependent type="68" id="{b8af6d7c-5573-466a-913b-df7f005eaac5}" />
      </MissingDependency>
      <MissingDependency>
        <Required type="SettingDefinition" displayName="AppChannel" solution="msdyn_AppFrameworkInfraExtensions (1.0.0.11)" id.uniquename="AppChannel" />
        <Dependent type="AppSetting" displayName="parentappmoduleid.uniquename=npt_CRM,settingdefinitionid.uniquename=AppChannel" id.parentappmoduleid.uniquename="npt_CRM" id.settingdefinitionid.uniquename="AppChannel" />
      </MissingDependency>
    </MissingDependencies>
  </SolutionManifest>
</ImportExportXml>